"","TPR","FPR"
"1",0.536945812807882,0.109375
"2",0.733990147783251,0.296875
"3",0.847290640394089,0.53125
"4",0.931034482758621,0.71875
"5",0.970443349753695,0.890625
"6",1,1
